{
    "UserAgent": "aws-amplify-cli/0.1.0",
    "Version": "0.1.0",
    "IdentityManager": {
        "Default": {}
    },
    "AppSync": {
        "Default": {
            "ApiUrl": "https://tq5y4rpxfnaohgd2dkkzbis2eq.appsync-api.eu-central-1.amazonaws.com/graphql",
            "Region": "eu-central-1",
            "AuthMode": "API_KEY",
            "ApiKey": "da2-comi3skoyjhf5fpfgexs6li334",
            "ClientDatabasePrefix": "taskmaster_API_KEY"
        }
    },
    "CredentialsProvider": {
        "CognitoIdentity": {
            "Default": {
                "PoolId": "eu-central-1:3f24b1c7-3bcf-4939-b734-c78258ca85f1",
                "Region": "eu-central-1"
            }
        }
    },
    "CognitoUserPool": {
        "Default": {
            "PoolId": "eu-central-1_GhNkpnQzo",
            "AppClientId": "6eso83849224mi1e14tgiptt42",
            "Region": "eu-central-1"
        }
    },
    "Auth": {
        "Default": {
            "authenticationFlowType": "USER_SRP_AUTH",
            "loginMechanisms": [
                "EMAIL"
            ],
            "signupAttributes": [
                "EMAIL"
            ],
            "passwordProtectionSettings": {
                "passwordPolicyMinLength": 8,
                "passwordPolicyCharacters": []
            },
            "mfaConfiguration": "OFF",
            "mfaTypes": [
                "SMS"
            ],
            "verificationMechanisms": [
                "EMAIL"
            ]
        }
    },
    "S3TransferUtility": {
        "Default": {
            "Bucket": "taskmaster12303329-taskdev",
            "Region": "eu-central-1"
        }
    }
}