{
  "bucketName": "taskmaster123",
  "authPolicyName": "s3_amplify_ae112606",
  "unauthPolicyName": "s3_amplify_ae112606",
  "authRoleName": {
    "Ref": "AuthRoleName"
  },
  "unauthRoleName": {
    "Ref": "UnauthRoleName"
  },
  "selectedGuestPermissions": [
    "s3:GetObject",
    "s3:ListBucket"
  ],
  "selectedAuthenticatedPermissions": [
    "s3:PutObject"
  ],
  "s3PermissionsAuthenticatedPublic": "s3:PutObject",
  "s3PublicPolicy": "Public_policy_e18b61a3",
  "s3PermissionsAuthenticatedUploads": "s3:PutObject",
  "s3UploadsPolicy": "Uploads_policy_e18b61a3",
  "s3PermissionsAuthenticatedProtected": "s3:PutObject",
  "s3ProtectedPolicy": "Protected_policy_e18b61a3",
  "s3PermissionsAuthenticatedPrivate": "s3:PutObject",
  "s3PrivatePolicy": "Private_policy_e18b61a3",
  "AuthenticatedAllowList": "DISALLOW",
  "s3ReadPolicy": "read_policy_e18b61a3",
  "s3PermissionsGuestPublic": "DISALLOW",
  "s3PermissionsGuestUploads": "DISALLOW",
  "GuestAllowList": "DISALLOW",
  "triggerFunction": "NONE"
}