{
  "providers": {
    "awscloudformation": {
      "AuthRoleName": "amplify-taskmaster-taskdev-03329-authRole",
      "UnauthRoleArn": "arn:aws:iam::033415809842:role/amplify-taskmaster-taskdev-03329-unauthRole",
      "AuthRoleArn": "arn:aws:iam::033415809842:role/amplify-taskmaster-taskdev-03329-authRole",
      "Region": "eu-central-1",
      "DeploymentBucketName": "amplify-taskmaster-taskdev-03329-deployment",
      "UnauthRoleName": "amplify-taskmaster-taskdev-03329-unauthRole",
      "StackName": "amplify-taskmaster-taskdev-03329",
      "StackId": "arn:aws:cloudformation:eu-central-1:033415809842:stack/amplify-taskmaster-taskdev-03329/116bd530-41ad-11ec-ab7c-0a0f2771e0f8",
      "AmplifyAppId": "d2gx47mpakxyza"
    }
  },
  "api": {
    "taskmaster": {
      "service": "AppSync",
      "providerPlugin": "awscloudformation",
      "output": {
        "authConfig": {
          "defaultAuthentication": {
            "authenticationType": "API_KEY",
            "apiKeyConfig": {
              "apiKeyExpirationDays": 30,
              "description": "0000"
            }
          },
          "additionalAuthenticationProviders": []
        },
        "GraphQLAPIIdOutput": "4wdcqmaryzctlhxtrq6ixefe5q",
        "GraphQLAPIEndpointOutput": "https://tq5y4rpxfnaohgd2dkkzbis2eq.appsync-api.eu-central-1.amazonaws.com/graphql",
        "GraphQLAPIKeyOutput": "da2-comi3skoyjhf5fpfgexs6li334"
      },
      "providerMetadata": {
        "s3TemplateURL": "https://s3.amazonaws.com/amplify-taskmaster-taskdev-03329-deployment/amplify-cfn-templates/api/cloudformation-template.json",
        "logicalId": "apitaskmaster"
      },
      "lastPushTimeStamp": "2021-11-15T18:26:38.069Z",
      "lastPushDirHash": "NiItCPdN4fHHkg3wPUSNcHmPgek="
    }
  },
  "auth": {
    "taskmasterf7f70491": {
      "service": "Cognito",
      "providerPlugin": "awscloudformation",
      "dependsOn": [],
      "customAuth": false,
      "frontendAuthConfig": {
        "loginMechanisms": [
          "EMAIL"
        ],
        "signupAttributes": [
          "EMAIL"
        ],
        "passwordProtectionSettings": {
          "passwordPolicyMinLength": 8,
          "passwordPolicyCharacters": []
        },
        "mfaConfiguration": "OFF",
        "mfaTypes": [
          "SMS"
        ],
        "verificationMechanisms": [
          "EMAIL"
        ]
      },
      "providerMetadata": {
        "s3TemplateURL": "https://s3.amazonaws.com/amplify-taskmaster-taskdev-03329-deployment/amplify-cfn-templates/auth/taskmasterf7f70491-cloudformation-template.yml",
        "logicalId": "authtaskmasterf7f70491"
      },
      "lastPushTimeStamp": "2021-11-15T18:26:34.332Z",
      "output": {
        "UserPoolId": "eu-central-1_GhNkpnQzo",
        "AppClientIDWeb": "4qs6paof6gu3390nusto42p89d",
        "AppClientID": "6eso83849224mi1e14tgiptt42",
        "IdentityPoolId": "eu-central-1:3f24b1c7-3bcf-4939-b734-c78258ca85f1",
        "UserPoolArn": "arn:aws:cognito-idp:eu-central-1:033415809842:userpool/eu-central-1_GhNkpnQzo",
        "IdentityPoolName": "taskmasterf7f70491_identitypool_f7f70491__taskdev",
        "UserPoolName": "taskmasterf7f70491_userpool_f7f70491"
      },
      "lastPushDirHash": "7k5STnujLC7N5uJUB9hnf8ZLego="
    }
  },
  "storage": {
    "taskmaster": {
      "service": "S3",
      "providerPlugin": "awscloudformation",
      "providerMetadata": {
        "s3TemplateURL": "https://s3.amazonaws.com/amplify-taskmaster-taskdev-03329-deployment/amplify-cfn-templates/storage/s3-cloudformation-template.json",
        "logicalId": "storagetaskmaster"
      },
      "lastPushTimeStamp": "2021-11-15T18:26:34.335Z",
      "output": {
        "BucketName": "taskmaster12303329-taskdev",
        "Region": "eu-central-1"
      },
      "lastPushDirHash": "NT+uucPalham8ocxr0Ni/LPvZ/Y="
    }
  }
}